type,name,calories,protein,carbs,fat,fiber,sugar,sodium,category
Breakfast,Oatmeal (Rolled Oats),379,13.2,67.7,6.5,10.1,0.0,6,Grains
Breakfast,Banana,89,1.1,22.8,0.3,2.6,12.2,1,Fruits
Breakfast,Egg (Whole),155,12.6,1.1,10.6,0.0,1.1,124,Protein
Breakfast,Egg White,52,10.9,0.7,0.2,0.0,0.7,166,Protein
Breakfast,Whole Wheat Bread,247,13.0,41.3,3.4,7.0,5.7,400,Grains
Breakfast,Greek Yogurt,59,10.2,3.6,0.4,0.0,3.2,36,Dairy
Breakfast,Avocado,160,2.0,8.5,14.7,6.7,0.7,7,Healthy Fats
Breakfast,Banana Smoothie,75,1.5,17.0,0.5,1.5,11.0,15,Beverages
Breakfast,Idli,58,2.0,12.0,0.1,0.5,0.2,180,Traditional
Breakfast,Sambar,45,2.5,7.0,1.0,2.0,1.5,280,Traditional
Breakfast,Poha,130,2.5,25.0,2.5,1.0,0.5,200,Traditional
Breakfast,Upma,150,3.5,22.0,5.0,1.5,0.5,320,Traditional
Breakfast,Paratha (Plain),300,6.5,42.0,12.0,2.5,1.0,350,Traditional
Breakfast,Milk (Full Fat),61,3.2,4.8,3.3,0.0,5.0,44,Dairy
Breakfast,Almonds,579,21.2,21.6,49.9,12.5,4.4,1,Nuts
Breakfast,Peanut Butter,588,25.1,20.1,50.4,6.0,9.2,459,Nuts
Lunch,Brown Rice (Cooked),111,2.6,23.0,0.9,1.8,0.4,5,Grains
Lunch,White Rice (Cooked),130,2.7,28.2,0.3,0.4,0.1,1,Grains
Lunch,Dal (Lentils Cooked),116,9.0,20.0,0.4,7.9,1.8,2,Legumes
Lunch,Roti (Wheat),297,10.0,57.0,3.0,11.0,1.0,530,Grains
Lunch,Chicken Breast (Cooked),165,31.0,0.0,3.6,0.0,0.0,74,Protein
Lunch,Tuna (Canned),116,25.5,0.0,1.0,0.0,0.0,396,Protein
Lunch,Quinoa (Cooked),120,4.4,21.3,1.9,2.8,0.9,7,Grains
Lunch,Paneer,265,18.3,3.4,20.8,0.0,3.4,24,Dairy
Lunch,Rajma (Kidney Beans Cooked),127,8.7,22.8,0.5,6.4,0.3,2,Legumes
Lunch,Chickpeas (Cooked),164,8.9,27.4,2.6,7.6,4.8,7,Legumes
Lunch,Tofu,76,8.1,1.9,4.8,0.3,0.7,7,Protein
Lunch,Spinach,23,2.9,3.6,0.4,2.2,0.4,79,Vegetables
Lunch,Broccoli,34,2.8,6.6,0.4,2.6,1.7,33,Vegetables
Lunch,Tomato,18,0.9,3.9,0.2,1.2,2.6,5,Vegetables
Lunch,Cucumber,16,0.7,3.6,0.1,0.5,1.7,2,Vegetables
Lunch,Carrot,41,0.9,9.6,0.2,2.8,4.7,69,Vegetables
Dinner,Salmon (Cooked),208,20.4,0.0,13.4,0.0,0.0,59,Protein
Dinner,Chicken Curry (Home Style),150,12.0,8.0,8.0,1.0,2.0,380,Traditional
Dinner,Fish Curry,160,18.0,5.0,8.0,0.5,1.5,420,Traditional
Dinner,Pasta (Cooked),131,5.0,25.0,1.1,1.8,0.6,1,Grains
Dinner,Palak Paneer,150,8.0,10.0,9.0,2.0,2.0,310,Traditional
Dinner,Mixed Veg Curry,80,2.5,12.0,3.0,3.0,4.0,280,Traditional
Dinner,Egg Curry,180,12.0,6.0,12.0,0.5,2.0,360,Traditional
Dinner,Mutton (Cooked),250,25.6,0.0,16.0,0.0,0.0,72,Protein
Dinner,Grilled Fish,150,22.0,0.0,7.0,0.0,0.0,85,Protein
Dinner,Lentil Soup,99,7.6,17.0,0.4,4.0,2.0,238,Legumes
Snacks,Apple,52,0.3,13.8,0.2,2.4,10.4,1,Fruits
Snacks,Orange,47,0.9,11.8,0.1,2.4,9.4,0,Fruits
Snacks,Grapes,69,0.7,18.1,0.2,0.9,15.5,2,Fruits
Snacks,Mango,60,0.8,15.0,0.4,1.6,13.7,1,Fruits
Snacks,Watermelon,30,0.6,7.6,0.2,0.4,6.2,1,Fruits
Snacks,Mixed Nuts,607,20.0,21.0,54.0,7.0,4.0,10,Nuts
Snacks,Cashews,553,18.2,30.2,43.8,3.3,5.9,12,Nuts
Snacks,Walnuts,654,15.2,13.7,65.2,6.7,2.6,2,Nuts
Snacks,Protein Bar,400,25.0,45.0,10.0,4.0,20.0,200,Packaged
Snacks,Rice Cakes,387,8.2,80.9,2.9,0.4,0.5,28,Grains
Snacks,Hummus,166,7.9,14.3,9.6,6.0,0.3,379,Legumes
Snacks,Cottage Cheese,98,11.1,3.4,4.3,0.0,2.7,364,Dairy
Snacks,Dark Chocolate,546,4.9,59.4,31.3,7.0,47.9,20,Sweets
Snacks,Popcorn (Plain),375,11.0,74.0,4.3,14.5,0.9,8,Grains
Snacks,oatssaju,100.0,120.0,32.0,21.0,22.0,0.0,0.0,Custom
Snacks,test,1.0,0.0,0.0,0.0,0.0,0.0,0.0,Custom
